Workbook

Sheet Overview
A1: Day | B1: Date | C1: Distance (km) | D1: Cumulative dist (km) | E1: Speed (km/day) | F1: Steps | G1: Cumulative steps | H1: Steps per day | I1: Onsen | J1: Weight (kg) | K1: Island
A2: 1 | B2: 44792 | C2: 11 | D2: =SUM($C$2:C2) -> 11 | E2: =D2/A2 -> 11 | F2: 17615 | G2: =SUM($F$2:F2) -> 17615 | H2: =G2/A2 -> 17615 | I2: 0 | J2: 69 | K2: Hokkaido
A3: 2 | B3: 44793 | C3: 39 | D3: =SUM($C$2:C3) -> 50 | E3: =D3/A3 -> 25 | F3: 36881 | G3: =SUM($F$2:F3) -> 54496 | H3: =G3/A3 -> 27248 | I3: 0 | J3: 69 | K3: Hokkaido
A4: 3 | B4: 44794 | C4: 37 | D4: =SUM($C$2:C4) -> 87 | E4: =D4/A4 -> 29 | F4: 41559 | G4: =SUM($F$2:F4) -> 96055 | H4: =G4/A4 -> 32018.333 | I4: 1 | J4: 69 | K4: Hokkaido
A5: 4 | B5: 44795 | C5: 22 | D5: =SUM($C$2:C5) -> 109 | E5: =D5/A5 -> 27.25 | F5: 36953 | G5: =SUM($F$2:F5) -> 133008 | H5: =G5/A5 -> 33252 | I5: 1 | J5: 66.7 | K5: Hokkaido
A6: 5 | B6: 44796 | C6: 38 | D6: =SUM($C$2:C6) -> 147 | E6: =D6/A6 -> 29.4 | F6: 46550 | G6: =SUM($F$2:F6) -> 179558 | H6: =G6/A6 -> 35911.6 | I6: 1 | J6: 66.7 | K6: Hokkaido
A7: 6 | B7: 44797 | C7: 31 | D7: =SUM($C$2:C7) -> 178 | E7: =D7/A7 -> 29.666667 | F7: 35949 | G7: =SUM($F$2:F7) -> 215507 | H7: =G7/A7 -> 35917.833 | I7: 0 | J7: 66.7 | K7: Hokkaido
A8: 7 | B8: 44798 | C8: 46 | D8: =SUM($C$2:C8) -> 224 | E8: =D8/A8 -> 32 | F8: 71083 | G8: =SUM($F$2:F8) -> 286590 | H8: =G8/A8 -> 40941.429 | I8: 1 | J8: 66.7 | K8: Hokkaido
A9: 8 | B9: 44799 | C9: 38 | D9: =SUM($C$2:C9) -> 262 | E9: =D9/A9 -> 32.75 | F9: 48183 | G9: =SUM($F$2:F9) -> 334773 | H9: =G9/A9 -> 41846.625 | I9: 1 | J9: 65.5 | K9: Hokkaido
A10: 9 | B10: 44800 | C10: 36 | D10: =SUM($C$2:C10) -> 298 | E10: =D10/A10 -> 33.111111 | F10: 53944 | G10: =SUM($F$2:F10) -> 388717 | H10: =G10/A10 -> 43190.778 | I10: 1 | J10: 66.6 | K10: Hokkaido
A11: 10 | B11: 44801 | C11: 36 | D11: =SUM($C$2:C11) -> 334 | E11: =D11/A11 -> 33.4 | F11: 51124 | G11: =SUM($F$2:F11) -> 439841 | H11: =G11/A11 -> 43984.1 | I11: 0 | J11: 66.6 | K11: Hokkaido
A12: 11 | B12: 44802 | C12: 51 | D12: =SUM($C$2:C12) -> 385 | E12: =D12/A12 -> 35 | F12: 75307 | G12: =SUM($F$2:F12) -> 515148 | H12: =G12/A12 -> 46831.636 | I12: 1 | J12: 66.6 | K12: Hokkaido
A13: 12 | B13: 44803 | C13: 26 | D13: =SUM($C$2:C13) -> 411 | E13: =D13/A13 -> 34.25 | F13: 38291 | G13: =SUM($F$2:F13) -> 553439 | H13: =G13/A13 -> 46119.917 | I13: 1 | J13: 66.6 | K13: Hokkaido
... A78: 77 | B78: 44868 | C78: 27 | D78: =SUM($C$2:C78) -> 2634 | E78: =D78/A78 -> 34.207792 | F78: 41438 | G78: =SUM($F$2:F78) -> 3656809 | H78: =G78/A78 -> 47491.026 | I78: 1 | J78: 65.7 | K78: Kyushu

Sheet Simple stats
B1: Total: | C1: Hokkaido: | D1: Honshu: | E1: Shikoku: | F1: Kyushu:
A2: Distance walked (km): | B2: =Overview!D78 -> 2634 | C2: =Overview!D20 -> 618 | D2: =Overview!D58-C2 -> 1332 | E2: =Overview!D67-C2-D2 -> 328 | F2: =B2-C2-D2-E2 -> 356
A3: Days taken: | B3: =Overview!A78 -> 77 | C3: =Overview!A20 -> 19 | D3: =Overview!A58-C3 -> 38 | E3: =Overview!A67-C3-D3 -> 9 | F3: =B3-C3-D3-E3 -> 11
A4: Average pace (km/d): | B4: =Overview!E78 -> 34.207792 | C4: =Overview!E20 -> 32.526316 | D4: =SUM(Overview!C21:C58)/D3 -> 35.052632 | E4: =SUM(Overview!C59:C67)/E3 -> 36.444444 | F4: =SUM(Overview!C68:C78)/F3 -> 32.363636
A5: Steps taken: | B5: =Overview!G78 -> 3656809 | C5: =Overview!G20 -> 842764 | D5: =SUM(Overview!F21:F58) -> 1885333 | E5: =SUM(Overview!F59:F67) -> 439208 | F5: =SUM(Overview!F68:F78) -> 489504
A6: Average steps per day: | B6: =Overview!H78 -> 47491.026 | C6: =C5/C3 -> 44356 | D6: =D5/D3 -> 49614.026 | E6: =E5/E3 -> 48800.889 | F6: =F5/F3 -> 44500.364
A7: Days with an onsen: | B7: =SUM(Overview!I1:I77) -> 64 | C7: =SUM(Overview!I1:I19) -> 12 | D7: =SUM(Overview!I20:I57) -> 37 | E7: =SUM(Overview!I58:I66) -> 8 | F7: =SUM(Overview!I67:I77) -> 7
A8: Days with an onsen (%): | B8: =SUM(Overview!I2:I78)/Overview!A78 -> 0.84415584 | C8: =SUM(Overview!I2:I20)/Overview!A20 -> 0.68421053 | D8: =SUM(Overview!I21:I58)/D3 -> 0.97368421 | E8: =SUM(Overview!I59:I67)/E3 -> 0.77777778 | F8: =SUM(Overview!I68:I78)/F3 -> 0.72727273
A9: Weight (start of section, kg): | B9: =Overview!J2 -> 69 | C9: =Overview!J2 -> 69 | D9: =Overview!J21 -> 64.5 | E9: =Overview!J59 -> 63.7 | F9: =Overview!J68 -> 65.5
A10: Weight change(kg): | B10: =Overview!J78-Overview!J2 -> -3.3 | C10: =Overview!J20-Overview!J2 -> -4.5 | D10: =Overview!J58-Overview!J21 -> -0.8 | E10: =Overview!J67-Overview!J59 -> 1.8 | F10: =Overview!J78-Overview!J68 -> 0.2

Sheet Graphs
